label,text
0,nm 的 评 分 是 多 少
0,nm 得 了 多 少 分
0,nm 的 评 分 有 多 少
0,nm 的 评 分
0,nm 的 分 数 是
0,nm 电 影 分 数 是 多 少
0,nm 评 分
0,nm 的 分 数 是 多 少
0,nm 这 部 电 影 的 评 分 是 多 少
1,nm 的 上 映 时 间 是 什 么 时 候
1,nm 的 首 映 时 间 是 什 么 时 候
1,nm 什 么 时 候 上 映
1,nm 什 么 时 候 首 映
1,nm 什 么 时 候 在 影 院 上 线
1,什 么 时 候 可 以 在 影 院 看 到 nm
1,nm 什 么 时 候 在 影 院 放 映
1,nm 什 么 时 候 首 播
1,nm 的 上 映 时 间
1,nm 的 上 映 时 间 是 什 么
1,nm 的 首 映 时 间
1,nm 的 首 播 时 间
2,nm 的 风 格 是 什 么
2,nm 是 什 么 风 格 的 电 影
2,nm 的 格 调 是 什 么
2,nm 是 什 么 格 调 的 电 影
2,nm 是 什 么 类 型 的 电 影
2,nm 的 类 型 是 什 么
2,nm 是 什 么 类 型 的
3,nm 的 剧 情 是 什 么
3,nm 主 要 讲 什 么 内 容
3,nm 的 主 要 剧 情 是 什 么
3,nm 主 要 讲 什 么 故 事
3,nm 的 故 事 线 索 是 什 么
3,nm 讲 了 什 么
3,nm 的 剧 情 简 介
3,nm 的 故 事 内 容
3,nm 的 主 要 情 节
3,nm 的 情 节 梗 概
3,nm 的 故 事 梗 概
4,nm 有 哪 些 演 员 出 演
4,nm 是 由 哪 些 人 演 的
4,nm 中 参 演 的 演 员 都 有 哪 些
4,nm 中 哪 些 人 演 过
4,nm 这 部 电 影 的 演 员 都 有 哪 些
4,nm 这 部 电 影 中 哪 些 人 演 过
4,nm 的 演 员
4,nm 的 演 员 有 哪 些
4,nm 的 明 星
4,nm 的 明 星 有 哪 些
4,nm 的 主 演
4,nm 的 主 演 有 哪 些
5,nnt
5,nnt
5,nnt
5,nnt
5,nnt
5,nnt 是
5,nnt 是 谁
5,nnt 的 介 绍
5,nnt 的 简 介
5,谁 是 nnt
5,nnt 的 详 细 信 息
5,nnt 的 信 息
6,nnt 演 过 哪 些 ng 电 影
6,nnt 演 哪 些 ng 电 影
6,nnt 演 过 ng 电 影
6,nnt 演 过 什 么 ng 电 影
6,nnt 演 过 ng 电 影
6,nnt 演 过 的 ng 电 影 有 哪 些
6,nnt 出 演 的 ng 电 影 有 哪 些
7,nnt 演 了 什 么 电 影
7,nnt 出 演 了 什 么 电 影
7,nnt 演 过 什 么 电 影
7,nnt 演 过 哪 些 电 影
7,nnt 过 去 演 过 哪 些 电 影
7,nnt 以 前 演 过 哪 些 电 影
7,nnt 演 过 的 电 影 有 什 么
7,nnt 有 哪 些 电 影
7,nnt 的 电 影
7,nnt 的 电 影 有 哪 些
7,nnt 参 演 的 电 影
7,nnt 参 演 的 电 影 有 哪 些
7,nnt 主 演 的 电 影
7,nnt 主 演 的 电 影 有 哪 些
7,nnt 参 演 的 电 影 是 什 么
7,nnt 演 的 电 影
8,nnt 参 演 的 评 分 大 于 x 的 电 影 有 哪 些
8,nnt 参 演 的 电 影 评 分 大 于 x 的 有 哪 些
8,nnt 参 演 的 电 影 评 分 超 过 x 的 有 哪 些
8,nnt 演 的 电 影 评 分 超 过 x 的 有 哪 些
8,nnt 演 的 电 影 评 分 大 于 x 的 都 有 哪 些
8,nnt 演 的 电 影 评 分 在 x 以 上 的 都 有 哪 些
8,nnt 演 的 电 影 评 分 高 于 x 的 有 哪 些
8,nnt 主 演 的 电 影 评 分 高 于 x 的 有 哪 些
8,nnt 主 演 的 电 影 评 分 大 于 x 的 有 哪 些
8,nnt 主 演 的 电 影 评 分 超 过 x 的 有 哪 些
9,nnt 参 演 的 评 分 小 于 x 的 电 影 有 哪 些
9,nnt 参 演 的 电 影 评 分 小 于 x 的 有 哪 些
9,nnt 参 演 的 电 影 评 分 低 于 x 的 有 哪 些
9,nnt 演 的 电 影 评 分 低 于 x 的 有 哪 些
9,nnt 演 的 电 影 评 分 小 于 x 的 都 有 哪 些
9,nnt 演 的 电 影 评 分 在 x 以 下 的 都 有 哪 些
10,nnt 演 过 哪 些 风 格 的 电 影
10,nnt 演 过 的 电 影 都 有 哪 些 风 格
10,nnt 演 过 的 电 影 有 哪 些 类 型
10,nnt 演 过 风 格 的 电 影
10,nnt 演 过 类 型 的 电 影
10,nnt 演 过 题 材 的 电 影
11,nnt 和 nnt 合 作 的 电 影 有 哪 些
11,nnt 和 nnt 一 起 拍 了 哪 些 电 影
11,nnt 和 nnt 一 起 演 过 哪 些 电 影
11,nnt 与 nnt 合 拍 了 哪 些 电 影
11,nnt 和 nnt 合 作 了 哪 些 电 影
12,nnt 一 共 参 演 过 多 少 电 影
12,nnt 演 过 多 少 部 电 影
12,nnt 演 过 多 少 电 影
12,nnt 参 演 的 电 影 有 多 少
12,nnt 的 电 影 数 量
12,nnt 有 多 少 部 电 影
12,nnt 主 演 过 多 少 部
12,nnt 主 演 过 多 少 部 电 影
13,nnt 的 出 生 日 期
13,nnt 的 生 日
13,nnt 生 日 多 少
13,nnt 的 出 生 是 什 么 时 候
13,nnt 的 出 生 是 多 少
13,nnt 生 日 是 什 么 时 候
13,nnt 生 日 什 么 时 候
13,nnt 出 生 日 期 是 什 么 时 候
13,nnt 什 么 时 候 出 生 的
13,nnt 出 生 于 哪 一 天
13,nnt 的 出 生 日 期 是 哪 一 天
13,nnt 哪 一 天 出 生 的
14,评 分 大 于 x 的 电 影 有 哪 些
14,评 分 大 于 x 的 有 哪 些
14,评 分 超 过 x 的 有 哪 些 电 影
14,评 分 超 过 x 的 有 哪 些
14,评 分 大 于 x 的 都 有 哪 些
14,评 分 在 x 以 上 的 都 有 哪 些
14,评 分 高 于 x 的 有 哪 些
14,大 于 x 分 的 电 影 有 哪 些
14,评 分 大 于 x 分 的 有 哪 些
14,评 分 超 过 x 分 的 有 哪 些 电 影
14,评 分 超 过 x 分 的 有 哪 些
14,评 分 大 于 x 分 的 都 有 哪 些
14,评 分 在 x 分 以 上 的 都 有 哪 些
14,评 分 高 于 x 分 的 有 哪 些
15,评 分 大 于 x 的 ng 电 影 有 哪 些
15,评 分 大 于 x 的 ng 电 影 有 哪 些
15,评 分 高 于 x 的 ng 电 影 有 哪 些
15,评 分 大 于 x 的 ng 有 哪 些
15,评 分 超 过 x 的 ng 有 哪 些 电 影
15,评 分 超 过 x 的 ng 有 哪 些
15,评 分 大 于 x 的 ng 都 有 哪 些
15,评 分 在 x 以 上 的 ng 都 有 哪 些
15,评 分 高 于 x 的 ng 有 哪 些
15,评 分 大 于 x 的 ng 类 型 电 影 有 哪 些
15,评 分 大 于 x 的 ng 类 型 有 哪 些
15,评 分 超 过 x 的 ng 类 型 有 哪 些 电 影
15,评 分 超 过 x 的 ng 类 型 有 哪 些
15,评 分 大 于 x 的 ng 类 型 都 有 哪 些
15,评 分 在 x 以 上 的 ng 类 型 都 有 哪 些
15,评 分 高 于 x 的 ng 类 型 有 哪 些